name,url,username,password
www.10khits.com,https://www.10khits.com/signup,netricheswebsolution@gmail.com,sEieUHCJfn6wi@m
www.blackhatlinks.com,https://www.blackhatlinks.com/members/register.php,Juny,XH@7gm@gnmSJzCd
bookmarkstumble.com,http://bookmarkstumble.com/register,Blu,3a4Gsm@799S5gS@
office.builderall.com,https://office.builderall.com/us/office/create,netricheswebsolution@gmail.com,Na1q2w3e4r5t
cutt.ly,https://cutt.ly/register,netricheswebsolution@gmail.com,Y+e+5TBs44wQ7gM
disqus.com,https://disqus.com/next/register/,netricheswebsolution@gmail.com,gCJd5@wuWyTRykL
dropmylink.com,http://dropmylink.com/step2,,2!4MQ!CZYgUqWb8
easylinks.io,http://easylinks.io/login,theodorerichardson,ZCnDYy6SLqdyaEz
www.facebook.com,https://www.facebook.com/login/,juny1f@gmail.com,juntechpc19
work.facebook.com,https://work.facebook.com/work/email/,Netriches Aruba,Na1q2w3e4r5t
fanpagerobot.com,https://fanpagerobot.com/,juny,MV8ML8bDMfjbSzG
freeindexer.com,https://freeindexer.com/login.php,websolution,Jt1q2w3e4r5t
funnelsniper.io,https://funnelsniper.io/login,netrichesaruba@gmail.com,QH2Mh1A3
github.com,https://github.com/login,juny1f@gmail.com,Jt1q2w3e4r5t
accounts.google.com,https://accounts.google.com/signin/v2/sl/pwd,juny1f,j65405419
accounts.google.com,https://accounts.google.com/signin/challenge/pwd/3,monart034@gmail.com,jlsonia196865
accounts.google.com,https://accounts.google.com/signin/v2/challenge/pwd,traderalatinoamerica,Traderala2020
www.grammarly.com,https://www.grammarly.com/signup,netricheswebsolution@gmail.com,Na1q2w3e4r5t
gridbox.io,https://gridbox.io/app/signup,juntechinfo@gmail.com,42ipTu3HDfSvCZk
gridbox.io,https://gridbox.io/app/login,netricheswebsolution@gmail.com,42ipTu3HDfSvCZk
gtmetrix.com,https://gtmetrix.com/reports/netrichesaruba.ga/OBWzHaf6,netricheswebsolution@gmail.com,4/LJ8$v/q$_VPwU
hitleap.com,https://hitleap.com/sign-up,NetrichesAruba,vUZhug$uHFtxj2m
cloud.ibm.com,https://cloud.ibm.com/registration,juntechinfo@gmail.com,Jt1q2w3e4r5t
www.instagram.com,https://www.instagram.com/accounts/emailsignup/,NetrichesAruba,Na1q2w3e4r5t
interactrapp.com,https://interactrapp.com/register/jvzoo,,nFiGP$5pnuXfrTb
interactrapp.com,https://interactrapp.com/login,ezzycon@hotmail.com,password123
invidio.us,https://invidio.us/login,netricheswebsolution@gmail.com,Na1q2w3e4r5t
,android://kMFjop_Q2AVnKjgszPUk4DYDZG92T7DNWx63rIguzFu00l-XDiyvBUJX8x5U83ijeZ0itZ-vApEOJPXfQNw-Bw==@com.issuu.android.app/,netricheswebsolution@gmail.com,
customer.jvzoo.com,https://customer.jvzoo.com/portal,ezzycon@hotmail.com,MBenz2015
www.like4like.org,https://www.like4like.org/login/register.php,Juny,vC.ESxeuY$#6GxE
www.like4like.org,https://www.like4like.org/login/register.php,NetrichesAruba,xDE5-mZZWq.9cf$
www.linkcentaur.com,https://www.linkcentaur.com/users/sign_up,Juny,v7qAAqpv*eEmmcC
www.linkcentaur.com,https://www.linkcentaur.com/users,Netriches,dL6fEQZ9M@QmmVz
www.linkedin.com,https://www.linkedin.com/uas/login,netricheswebsolution@gmail.com,Na1q2w3e4r5t
www.linkody.com,https://www.linkody.com/en/signup,netricheswebsolution@gmail.com,Na1q2w3e4r5t
login.live.com,https://login.live.com/oauth20_authorize.srf,juny1f@msn.com,junbo251f15
www.machmetrics.com,https://www.machmetrics.com/app/,juntechinfo@gmail.com,JUnz7nT2xF5F8@q
www.naturaltextreader.com,https://www.naturaltextreader.com/register,juntechinfo@gmail.com,k5w7mqCaNhKG3pG
app.netlify.com,https://app.netlify.com/login/email,juntechpc@gmx.com,J12q2w3e4r5t2019
www.netvibes.com,https://www.netvibes.com/en,netricheswebsolution@gmail.com,Na1q2w3e4r5t
newsblur.com,https://newsblur.com/,netrichesaruba,K6J@Ha5JxmYLW@A
www.omegaindexer.com,https://www.omegaindexer.com/amember/signup,netricheswebsolution,E9er72u!jyRKS!v
onehourindexing.co,https://onehourindexing.co/account/register,junyblu@gmail.com,Dh@VVHhjg2Rj6vm
petestrafficsuite.com,https://petestrafficsuite.com/register.php,Juny,pdVxzWMSAmR@tQ7
www.prepostseo.com,https://www.prepostseo.com/login,netricheswebsolution@gmail.com,Rafpbe8SwM2D@gh
pro-sitemaps.com,https://pro-sitemaps.com/,netricheswebsolution@gmail.com,HjPwpB5e49iU@NX
raventools.com,https://raventools.com/signup/,junyghost@gmail.com,F$a!t#Nwy7sj4kw
www.reddit.com,https://www.reddit.com/register/,NetrichesAruba,DusU.4FXcBADRQ#
registration.ryte.com,https://registration.ryte.com/,,Na1q2w3e4r5t
app.salesvision.com,https://app.salesvision.com/login,netrichesaruba@gmail.com,MBenz#2020
seo-autopilot.eu,https://seo-autopilot.eu/amember/signup,juntechpc,Je1q2w3e4r5t
seositecheckup.com,https://seositecheckup.com/,netricheswebsolution@gmail.com,@-c6n_qzJAQ67vd
socialtrafficsystem.net,http://socialtrafficsystem.net/new_signup.php,netricheswebsolution@gmail.com,W9!3ibRR9ZYx8wc
www.subpals.com,https://www.subpals.com/network-v2/login-new.php,UC8KWh86OxmjxSutI9Lii0eA,7eedNkMPg-P@AHG
tradera.associates,https://tradera.associates/,Netrich,MBenz#2020
tradera.associates,https://tradera.associates/,Rich4Life,MBenz#2020
traffic-creator.com,https://traffic-creator.com/login.html,netricheswebsolution@gmail.com,0lOwUHRONuQa
www.tumblr.com,https://www.tumblr.com/,netricheswebsolution@gmail.com,9A(A)8A.?iSU$mY
twitter.com,https://twitter.com/i/flow/signup,,g3jDTNzEJ5ATZ7x
twitter.com,https://twitter.com/login,netrichesaruba,Na1q2w3e4r5t
twitter.com,https://twitter.com/login/error,traderalatino,Traderala2020
twitter.com,https://twitter.com/i/flow/signup,traderalatinoa1,g3jDTNzEJ5ATZ7x
en.upseo.io,https://en.upseo.io/login.html,netricheswebsolution@gmail.com,R2fxEOyFtshP
videobuilderapp.com,https://videobuilderapp.com/register,7471972,e2dgQpe@mWYLnMM
videobuilderapp.com,https://videobuilderapp.com/login,ezzycon@hotmail.com,e2dgQpe@mWYLnMM
app.wocode.com,https://app.wocode.com/register/without-code-free/,netricheswebsolution@gmail.com,Jt1q2w3e4r5t
www.xing.com,https://www.xing.com/en,netricheswebsolution@gmail.com,Na1q2w3e4r5t
www.ytmonster.net,https://www.ytmonster.net/sign-up,Rich4Life,n7UcVxM7@d8hXYW
